_stratum,Beige,Black,Blue,Brown,Green,Grey,Khaki green,Lilac Purple,Metal,Mole,Orange,Pink,Red,Turquoise,White,Yellow,Yellowish Green
Accessories,0.01978323113829787,0.017464040883242334,0.012057457629999999,0.018455211300904977,0.018522308080882354,0.016837651762452107,0.015990677933333333,,0.01258783556935271,0.01032520428057554,0.015542372912650601,0.012358809683229815,0.01286858598173516,0.014341242866666668,0.013439351133838384,0.01693192319421488,
Garment Full body,0.03904391107983193,0.03454292562469576,0.03805238746780894,0.03681422237163814,0.04334073208430233,0.03145141476059322,0.03507217381231231,0.05229476778260869,,0.04602971601298701,0.040860939883116884,0.04049990962861492,0.034982401058727575,0.047549848200873365,0.037874167272922254,0.035576126039383565,
Garment Lower body,0.03467179999115566,0.03152584821430808,0.03412186211802895,0.03350826303386809,0.04215687037397035,0.030344711516406893,0.030462208723498235,0.025451023415584414,,0.038876683004672896,0.034513951567685594,0.02756401964745011,0.030787257855687606,0.036601394333333336,0.03188842895454546,0.03422836067175572,
Garment Upper body,0.0336648999136402,0.026683281470445346,0.026862143273591196,0.03556752754497355,0.029649349165745856,0.02879043495486111,0.028738127361604877,0.02675486348275862,0.045581113799999996,0.03529728110109623,0.024316033039548022,0.02307569150789197,0.02482908364833625,0.028592201510018216,0.022670355437266587,0.02446113253329724,
Nightwear,0.024887337794117646,0.0259104660975,0.025346275703264098,,,0.022819486266871164,,,,,,0.02699894887596899,0.02922322794318182,,0.02155776351724138,,
Shoes,0.038865748061151076,0.042577702824763905,0.023112207620253167,0.048150799333333334,,0.025843130063829784,0.02910748231707317,,0.03964307071764706,,0.03376816811643836,0.023034908496688742,0.032272127990740744,,0.03219688446736292,0.039033898227848106,
Socks & Tights,0.010952741711764706,0.011728423827201052,0.008768965764705882,,0.006087570555555556,0.01245281570967742,,,,0.015074473484848486,0.0075455509375,0.011041195840277778,0.010523150012195122,,0.012301111600997505,,
Swimwear,0.01955881048060345,0.022820477962491776,0.022467107719178085,0.023256180958715598,0.02072641054556962,0.020087042032258067,0.03244129921989529,0.013871847951219513,,0.022349255348484847,0.02483045086764706,0.020562296185096154,0.023074901482323232,0.021170550875,0.02344691594507846,0.02304219687370242,
Underwear,0.023504911998407645,0.021718562431867483,0.019466932934114202,0.019885344,0.022175239452173916,0.021137895870458136,0.021911864257142855,0.018878262000000003,,,0.020827027255892257,0.01832271951627089,0.019418957239290085,,0.020039594777163904,,
