,product_group_name,rows_used,colors_tested,welch_f,welch_p_value,welch_omega_squared_approx,kruskal_h,kruskal_p_value,kruskal_epsilon_squared,welch_p_fdr_bh,kruskal_p_fdr_bh
0,Accessories,7320,15,36.00147899717924,1.7631404424960697e-77,0.05414224850555533,451.3337579241921,1.8588480913449574e-87,0.05986772866860946,5.2894213274882096e-77,5.576544274034873e-87
1,Garment Full body,16506,15,23.821223311285205,1.541534218410654e-55,0.020377616883724244,356.077618218846,2.1841601943659955e-67,0.02074329138432151,3.468451991423972e-55,3.9314883498587916e-67
2,Garment Lower body,32637,15,34.13737620532901,9.253961990146684e-82,0.015529556368171538,495.28675580369423,9.248746750309595e-97,0.014753441107341494,4.1642828955660084e-81,4.161936037639318e-96
3,Garment Upper body,58920,16,100.1629314684459,1.979252439484916e-231,0.0268336713078425,1949.7813462555368,0.0,0.03284634908080159,1.7813271955364244e-230,0.0
4,Nightwear,1530,7,8.228405625142054,3.331596712479771e-08,0.028183494808786538,51.211456463275134,2.6860056627424946e-09,0.02968578887936647,3.331596712479771e-08,2.6860056627424946e-09
5,Shoes,3585,12,32.838183137944995,1.6230284604364676e-50,0.056272823006424,296.1761340615988,5.597079098575829e-57,0.07981419928956027,2.9214512287856413e-50,8.395618647863743e-57
6,Socks & Tights,2917,10,18.614099800896806,4.956759638855664e-24,0.054345958242373836,153.15870519547443,1.953424780730707e-28,0.049590197865660275,5.576354593712622e-24,2.1976028783220453e-28
7,Swimwear,12777,15,18.66674931993354,3.1978486512482784e-41,0.02628323232795315,361.9085869732245,1.3037366405468079e-68,0.027261290312899585,4.796772976872418e-41,2.933407441230318e-68
8,Underwear,11479,12,22.45330374557765,3.6889868974679374e-38,0.01958078492439363,249.50220587332927,3.551811072796767e-47,0.020799006355047465,4.742983153887348e-38,4.566614236452986e-47
